Ref,Val,Package,PosX,PosY,Rot,Side
"D1","LED","LED_0805_2012Metric",152.000000,-68.250000,90.000000,top
"J1","Conn_01x10","PinSocket_1x10_P2.54mm_Horizontal",138.437442,-75.405607,0.000000,top
"J3","16PIN","16PIN_SCOKET",163.750000,-75.500000,0.000000,top
"J5","20PIN","20PIN_SCOKET",161.750000,-96.500000,0.000000,top
"R1","2K","R_0805_2012Metric",148.750000,-68.250000,90.000000,top
"SW1","SW_SPDT","SW_SPDT_PCM12",142.240000,-68.250000,180.000000,top
"SW2","SW_SPDT","SW_SPDT_PCM12",142.250000,-105.775000,0.000000,top
